{"logn_examples": 4, "k": 5, "dataset": "synthetic", "min_freq": 10, "alpha": null, "sample_err_rates": 0, "bootstrap": 1, "vocab_size": 4334, "n_vocab": 100000, "logn_train": -1, "train_percent": 0.5, "ay_effect": 0.1, "c_dim": 1, "u_dim": 1, "dist_seed": 7, "exp_seed": 7, "write": "append", "debug": true, "nondiff": false, "uncorrected": false, "outdir": "json/", "influence_vars": ["a"], "method_type": null, "mean_covered": 0.0, "std_covered": 0.0, "mean_abs_covered": 0.0, "mean_width": 0.0, "std_width": 0.0, "mean_abs_width": 0.0, "mean_p5.0": 0.1180033713579178, "std_p5.0": 0.0073530788445310856, "mean_abs_p5.0": 0.1180033713579178, "mean_p2.5": 0.1180033713579178, "std_p2.5": 0.0073530788445310856, "mean_abs_p2.5": 0.1180033713579178, "mean_p95.0": 0.1180033713579178, "std_p95.0": 0.0073530788445310856, "mean_abs_p95.0": 0.1180033713579178, "mean_p97.5": 0.1180033713579178, "std_p97.5": 0.0073530788445310856, "mean_abs_p97.5": 0.1180033713579178, "mean_trunc90width": 0.0, "std_trunc90width": 0.0, "mean_abs_trunc90width": 0.0, "mean_trunc90mean": NaN, "std_trunc90mean": NaN, "mean_abs_trunc90mean": NaN, "mean_trunc90overlap": -0.1180033713579178, "std_trunc90overlap": 0.0073530788445310856, "mean_abs_trunc90overlap": 0.1180033713579178, "mean_trunc90cov": 0.0, "std_trunc90cov": 0.0, "mean_abs_trunc90cov": 0.0, "mean_trunc95width": 0.0, "std_trunc95width": 0.0, "mean_abs_trunc95width": 0.0, "mean_trunc95mean": NaN, "std_trunc95mean": NaN, "mean_abs_trunc95mean": NaN, "mean_trunc95overlap": -0.1180033713579178, "std_trunc95overlap": 0.0073530788445310856, "mean_abs_trunc95overlap": 0.1180033713579178, "mean_trunc95cov": 0.0, "std_trunc95cov": 0.0, "mean_abs_trunc95cov": 0.0, "mean_abs_mean": 0.1180033713579178, "std_abs_mean": 0.0073530788445310856, "mean_abs_abs_mean": 0.1180033713579178, "mean_mean": 0.1180033713579178, "std_mean": 0.0073530788445310856, "mean_median": 0.1180033713579178, "std_median": 0.0073530788445310856, "mean_abs_median": 0.1180033713579178, "mean_max": 0.1180033713579178, "std_max": 0.0073530788445310856, "mean_abs_max": 0.1180033713579178, "mean_min": 0.1180033713579178, "std_min": 0.0073530788445310856, "mean_abs_min": 0.1180033713579178, "mean_raw_oracle_effect": 0.09999999999999998, "std_raw_oracle_effect": 0.0, "mean_abs_raw_oracle_effect": 0.09999999999999998, "mean_raw_mean_effect": 0.21800336241722107, "std_raw_mean_effect": 0.007353079039603472, "mean_abs_raw_mean_effect": 0.21800336241722107}
{"logn_examples": 4, "k": 5, "dataset": "synthetic", "min_freq": 10, "alpha": null, "sample_err_rates": 0, "bootstrap": 1, "vocab_size": 4334, "n_vocab": 100000, "logn_train": -1, "train_percent": 0.5, "ay_effect": 0.1, "c_dim": 1, "u_dim": 1, "dist_seed": 7, "exp_seed": 7, "write": "append", "debug": true, "nondiff": false, "uncorrected": false, "outdir": "json/", "influence_vars": ["a"], "method_type": "new", "mean_covered": 0.0, "std_covered": 0.0, "mean_abs_covered": 0.0, "mean_width": 0.0, "std_width": 0.0, "mean_abs_width": 0.0, "mean_p5.0": 0.003937248885631584, "std_p5.0": 0.0052283834162775225, "mean_abs_p5.0": 0.005712995827198042, "mean_p2.5": 0.003937248885631584, "std_p2.5": 0.0052283834162775225, "mean_abs_p2.5": 0.005712995827198042, "mean_p95.0": 0.003937248885631584, "std_p95.0": 0.0052283834162775225, "mean_abs_p95.0": 0.005712995827198042, "mean_p97.5": 0.003937248885631584, "std_p97.5": 0.0052283834162775225, "mean_abs_p97.5": 0.005712995827198042, "mean_trunc90width": 0.0, "std_trunc90width": 0.0, "mean_abs_trunc90width": 0.0, "mean_trunc90mean": NaN, "std_trunc90mean": NaN, "mean_abs_trunc90mean": NaN, "mean_trunc90overlap": -0.005712995827198042, "std_trunc90overlap": 0.0031936813575293836, "mean_abs_trunc90overlap": 0.005712995827198042, "mean_trunc90cov": 0.0, "std_trunc90cov": 0.0, "mean_abs_trunc90cov": 0.0, "mean_trunc95width": 0.0, "std_trunc95width": 0.0, "mean_abs_trunc95width": 0.0, "mean_trunc95mean": NaN, "std_trunc95mean": NaN, "mean_abs_trunc95mean": NaN, "mean_trunc95overlap": -0.005712995827198042, "std_trunc95overlap": 0.0031936813575293836, "mean_abs_trunc95overlap": 0.005712995827198042, "mean_trunc95cov": 0.0, "std_trunc95cov": 0.0, "mean_abs_trunc95cov": 0.0, "mean_abs_mean": 0.005712995827198042, "std_abs_mean": 0.0031936813575293836, "mean_abs_abs_mean": 0.005712995827198042, "mean_mean": 0.003937248885631584, "std_mean": 0.0052283834162775225, "mean_median": 0.003937248885631584, "std_median": 0.0052283834162775225, "mean_abs_median": 0.005712995827198042, "mean_max": 0.003937248885631584, "std_max": 0.0052283834162775225, "mean_abs_max": 0.005712995827198042, "mean_min": 0.003937248885631584, "std_min": 0.0052283834162775225, "mean_abs_min": 0.005712995827198042, "mean_raw_oracle_effect": 0.09999999999999998, "std_raw_oracle_effect": 0.0, "mean_abs_raw_oracle_effect": 0.09999999999999998, "mean_raw_mean_effect": 0.10393724590539932, "std_raw_mean_effect": 0.005228383466601372, "mean_abs_raw_mean_effect": 0.10393724590539932}
{"logn_examples": 4, "k": 5, "dataset": "synthetic", "min_freq": 10, "alpha": null, "sample_err_rates": 0, "bootstrap": 1, "vocab_size": 4334, "n_vocab": 100000, "logn_train": -1, "train_percent": 0.5, "ay_effect": 0.1, "c_dim": 1, "u_dim": 1, "dist_seed": 7, "exp_seed": 7, "write": "append", "debug": true, "nondiff": false, "uncorrected": false, "outdir": "json/", "influence_vars": ["a", "y"], "method_type": null, "mean_covered": 0.0, "std_covered": 0.0, "mean_abs_covered": 0.0, "mean_width": 0.0, "std_width": 0.0, "mean_abs_width": 0.0, "mean_p5.0": 0.0746881276369095, "std_p5.0": 0.0427774824062143, "mean_abs_p5.0": 0.0746881276369095, "mean_p2.5": 0.0746881276369095, "std_p2.5": 0.0427774824062143, "mean_abs_p2.5": 0.0746881276369095, "mean_p95.0": 0.0746881276369095, "std_p95.0": 0.0427774824062143, "mean_abs_p95.0": 0.0746881276369095, "mean_p97.5": 0.0746881276369095, "std_p97.5": 0.0427774824062143, "mean_abs_p97.5": 0.0746881276369095, "mean_trunc90width": 0.0, "std_trunc90width": 0.0, "mean_abs_trunc90width": 0.0, "mean_trunc90mean": NaN, "std_trunc90mean": NaN, "mean_abs_trunc90mean": NaN, "mean_trunc90overlap": -0.0746881276369095, "std_trunc90overlap": 0.0427774824062143, "mean_abs_trunc90overlap": 0.0746881276369095, "mean_trunc90cov": 0.0, "std_trunc90cov": 0.0, "mean_abs_trunc90cov": 0.0, "mean_trunc95width": 0.0, "std_trunc95width": 0.0, "mean_abs_trunc95width": 0.0, "mean_trunc95mean": NaN, "std_trunc95mean": NaN, "mean_abs_trunc95mean": NaN, "mean_trunc95overlap": -0.0746881276369095, "std_trunc95overlap": 0.0427774824062143, "mean_abs_trunc95overlap": 0.0746881276369095, "mean_trunc95cov": 0.0, "std_trunc95cov": 0.0, "mean_abs_trunc95cov": 0.0, "mean_abs_mean": 0.0746881276369095, "std_abs_mean": 0.0427774824062143, "mean_abs_abs_mean": 0.0746881276369095, "mean_mean": 0.0746881276369095, "std_mean": 0.0427774824062143, "mean_median": 0.0746881276369095, "std_median": 0.0427774824062143, "mean_abs_median": 0.0746881276369095, "mean_max": 0.0746881276369095, "std_max": 0.0427774824062143, "mean_abs_max": 0.0746881276369095, "mean_min": 0.0746881276369095, "std_min": 0.0427774824062143, "mean_abs_min": 0.0746881276369095, "mean_raw_oracle_effect": 0.09999999999999998, "std_raw_oracle_effect": 0.0, "mean_abs_raw_oracle_effect": 0.09999999999999998, "mean_raw_mean_effect": 0.17468813061714172, "std_raw_mean_effect": 0.04277748242020607, "mean_abs_raw_mean_effect": 0.17468813061714172}
{"logn_examples": 4, "k": 5, "dataset": "synthetic", "min_freq": 10, "alpha": null, "sample_err_rates": 0, "bootstrap": 1, "vocab_size": 4334, "n_vocab": 100000, "logn_train": -1, "train_percent": 0.5, "ay_effect": 0.1, "c_dim": 1, "u_dim": 1, "dist_seed": 7, "exp_seed": 7, "write": "append", "debug": true, "nondiff": false, "uncorrected": false, "outdir": "json/", "influence_vars": ["a", "y"], "method_type": "new", "mean_covered": 0.0, "std_covered": 0.0, "mean_abs_covered": 0.0, "mean_width": 0.0, "std_width": 0.0, "mean_abs_width": 0.0,