{"logn_examples": 4, "k": 5, "dataset": "synthetic", "min_freq": 10, "alpha": null, "sample_err_rates": 0, "bootstrap": 1, "vocab_size": 4334, "n_vocab": 100000, "logn_train": -1, "train_percent": 0.5, "ay_effect": 0.1, "c_dim": 1, "u_dim": 1, "dist_seed": 4, "exp_seed": 4, "write": "append", "debug": true, "nondiff": false, "uncorrected": false, "outdir": "json/", "influence_vars": ["a"], "method_type": null, "mean_covered": 0.0, "std_covered": 0.0, "mean_abs_covered": 0.0, "mean_width": 0.0, "std_width": 0.0, "mean_abs_width": 0.0, "mean_p5.0": 0.08454864025115968, "std_p5.0": 0.026072905468268223, "mean_abs_p5.0": 0.08454864025115968, "mean_p2.5": 0.08454864025115968, "std_p2.5": 0.026072905468268223, "mean_abs_p2.5": 0.08454864025115968, "mean_p95.0": 0.08454864025115968, "std_p95.0": 0.026072905468268223, "mean_abs_p95.0": 0.08454864025115968, "mean_p97.5": 0.08454864025115968, "std_p97.5": 0.026072905468268223, "mean_abs_p97.5": 0.08454864025115968, "mean_trunc90width": 0.0, "std_trunc90width": 0.0, "mean_abs_trunc90width": 0.0, "mean_trunc90mean": NaN, "std_trunc90mean": NaN, "mean_abs_trunc90mean": NaN, "mean_trunc90overlap": -0.08454864025115968, "std_trunc90overlap": 0.026072905468268223, "mean_abs_trunc90overlap": 0.08454864025115968, "mean_trunc90cov": 0.0, "std_trunc90cov": 0.0, "mean_abs_trunc90cov": 0.0, "mean_trunc95width": 0.0, "std_trunc95width": 0.0, "mean_abs_trunc95width": 0.0, "mean_trunc95mean": NaN, "std_trunc95mean": NaN, "mean_abs_trunc95mean": NaN, "mean_trunc95overlap": -0.08454864025115968, "std_trunc95overlap": 0.026072905468268223, "mean_abs_trunc95overlap": 0.08454864025115968, "mean_trunc95cov": 0.0, "std_trunc95cov": 0.0, "mean_abs_trunc95cov": 0.0, "mean_abs_mean": 0.08454864025115968, "std_abs_mean": 0.026072905468268223, "mean_abs_abs_mean": 0.08454864025115968, "mean_mean": 0.08454864025115968, "std_mean": 0.026072905468268223, "mean_median": 0.08454864025115968, "std_median": 0.026072905468268223, "mean_abs_median": 0.08454864025115968, "mean_max": 0.08454864025115968, "std_max": 0.026072905468268223, "mean_abs_max": 0.08454864025115968, "mean_min": 0.08454864025115968, "std_min": 0.026072905468268223, "mean_abs_min": 0.08454864025115968, "mean_raw_oracle_effect": 0.09999999999999999, "std_raw_oracle_effect": 0.0, "mean_abs_raw_oracle_effect": 0.09999999999999999, "mean_raw_mean_effect": 0.18454864621162415, "std_raw_mean_effect": 0.026072904467582703, "mean_abs_raw_mean_effect": 0.18454864621162415}
{"logn_examples": 4, "k": 5, "dataset": "synthetic", "min_freq": 10, "alpha": null, "sample_err_rates": 0, "bootstrap": 1, "vocab_size": 4334, "n_vocab": 100000, "logn_train": -1, "train_percent": 0.5, "ay_effect": 0.1, "c_dim": 1, "u_dim": 1, "dist_seed": 4, "exp_seed": 4, "write": "append", "debug": true, "nondiff": false, "uncorrected": false, "outdir": "json/", "influence_vars": ["a"], "method_type": "new", "mean_covered": 0.0, "std_covered": 0.0, "mean_abs_covered": 0.0, "mean_width": 0.0, "std_width": 0.0, "mean_abs_width": 0.0, "mean_p5.0": 0.05902457535266877, "std_p5.0": 0.00509797764643431, "mean_abs_p5.0": 0.05902457535266877, "mean_p2.5": 0.05902457535266877, "std_p2.5": 0.00509797764643431, "mean_abs_p2.5": 0.05902457535266877, "mean_p95.0": 0.05902457535266877, "std_p95.0": 0.00509797764643431, "mean_abs_p95.0": 0.05902457535266877, "mean_p97.5": 0.05902457535266877, "std_p97.5": 0.00509797764643431, "mean_abs_p97.5": 0.05902457535266877, "mean_trunc90width": 0.0, "std_trunc90width": 0.0, "mean_abs_trunc90width": 0.0, "mean_trunc90mean": NaN, "std_trunc90mean": NaN, "mean_abs_trunc90mean": NaN, "mean_trunc90overlap": -0.05902457535266877, "std_trunc90overlap": 0.00509797764643431, "mean_abs_trunc90overlap": 0.05902457535266877, "mean_trunc90cov": 0.0, "std_trunc90cov": 0.0, "mean_abs_trunc90cov": 0.0, "mean_trunc95width": 0.0, "std_trunc95width": 0.0, "mean_abs_trunc95width": 0.0, "mean_trunc95mean": NaN, "std_trunc95mean": NaN, "mean_abs_trunc95mean": NaN, "mean_trunc95overlap": -0.05902457535266877, "std_trunc95overlap": 0.00509797764643431, "mean_abs_trunc95overlap": 0.05902457535266877, "mean_trunc95cov": 0.0, "std_trunc95cov": 0.0, "mean_abs_trunc95cov": 0.0, "mean_abs_mean": 0.05902457535266877, "std_abs_mean": 0.00509797764643431, "mean_abs_abs_mean": 0.05902457535266877, "mean_mean": 0.05902457535266877, "std_mean": 0.00509797764643431, "mean_median": 0.05902457535266877, "std_median": 0.00509797764643431, "mean_abs_median": 0.05902457535266877, "mean_max": 0.05902457535266877, "std_max": 0.00509797764643431, "mean_abs_max": 0.05902457535266877, "mean_min": 0.05902457535266877, "std_min": 0.00509797764643431, "mean_abs_min": 0.05902457535266877, "mean_raw_oracle_effect": 0.09999999999999999, "std_raw_oracle_effect": 0.0, "mean_abs_raw_oracle_effect": 0.09999999999999999, "mean_raw_mean_effect": 0.15902456641197205, "std_raw_mean_effect": 0.005097977351397276, "mean_abs_raw_mean_effect": 0.15902456641197205}
{"logn_examples": 4, "k": 5, "dataset": "synthetic", "min_freq": 10, "alpha": null, "sample_err_rates": 0, "bootstrap": 1, "vocab_size": 4334, "n_vocab": 100000, "logn_train": -1, "train_percent": 0.5, "ay_effect": 0.1, "c_dim": 1, "u_dim": 1, "dist_seed": 4, "exp_seed": 4, "write": "append", "debug": true, "nondiff": false, "uncorrected": false, "outdir": "json/", "influence_vars": ["a", "y"], "method_type": null, "mean_covered": 0.0, "std_covered": 0.0, "mean_abs_covered": 0.0, "mean_width": 0.0, "std_width": 0.0, "mean_abs_width": 0.0, "mean_p5.0": 0.059856173396110546, "std_p5.0": 0.0171067727863563, "mean_abs_p5.0": 0.059856173396110546, "mean_p2.5": 0.059856173396110546, "std_p2.5": 0.0171067727863563, "mean_abs_p2.5": 0.059856173396110546, "mean_p95.0": 0.059856173396110546, "std_p95.0": 0.0171067727863563, "mean_abs_p95.0": 0.059856173396110546, "mean_p97.5": 0.059856173396110546, "std_p97.5": 0.0171067727863563, "mean_abs_p97.5": 0.059856173396110546, "mean_trunc90width": 0.0, "std_trunc90width": 0.0, "mean_abs_trunc90width": 0.0, "mean_trunc90mean": NaN, "std_trunc90mean": NaN, "mean_abs_trunc90mean": NaN, "mean_trunc90overlap": -0.059856173396110546, "std_trunc90overlap": 0.0171067727863563, "mean_abs_trunc90overlap": 0.059856173396110546, "mean_trunc90cov": 0.0, "std_trunc90cov": 0.0, "mean_abs_trunc90cov": 0.0, "mean_trunc95width": 0.0, "std_trunc95width": 0.0, "mean_abs_trunc95width": 0.0, "mean_trunc95mean": NaN, "std_trunc95mean": NaN, "mean_abs_trunc95mean": NaN, "mean_trunc95overlap": -0.059856173396110546, "std_trunc95overlap": 0.0171067727863563, "mean_abs_trunc95overlap": 0.059856173396110546, "mean_trunc95cov": 0.0, "std_trunc95cov": 0.0, "mean_abs_trunc95cov": 0.0, "mean_abs_mean": 0.059856173396110546, "std_abs_mean": 0.0171067727863563, "mean_abs_abs_mean": 0.059856173396110546, "mean_mean": 0.059856173396110546, "std_mean": 0.0171067727863563, "mean_median": 0.059856173396110546, "std_median": 0.0171067727863563, "mean_abs_median": 0.059856173396110546, "mean_max": 0.059856173396110546, "std_max": 0.0171067727863563, "mean_abs_max": 0.059856173396110546, "mean_min": 0.059856173396110546, "std_min": 0.0171067727863563, "mean_abs_min": 0.059856173396110546, "mean_raw_oracle_effect": 0.09999999999999999, "std_raw_oracle_effect": 0.0, "mean_abs_raw_oracle_effect": 0.09999999999999999, "mean_raw_mean_effect": 0.1598561704158783, "std_raw_mean_effect": 0.01710677333176136, "mean_abs_raw_mean_effect": 0.1598561704158783}
{"logn_examples": 4, "k": 5, "dataset": "synthetic", "min_freq": 10, "alpha": null, "sample_err_rates": 0, "bootstrap": 1, "vocab_size": 4334, "n_vocab": 100000, "logn_train": -1, "train_percent": 0.5, "ay_effect": 0.1, "c_dim": 1, "u_dim": 1, "dist_seed": 4, "exp_seed": 4, "write": "append", "debug": true, "nondiff": false, "uncorrected": false, "outdir": "json/", "influence_vars": ["a", "y"], "method_type": "new", "mean_covered": 0.0, "std_covered": 0.0, "mean_abs_covered": 0.0, "mean_width": 0.0, "std_width": 0.0, "mean_abs_width": 0.0,