{"logn_examples": 5.0, "logn_error_rate": 4, "k": 4, "dataset": "synthetic", "min_freq": 10, "alpha": null, "sample_err_rates": 0, "bootstrap": 1, "vocab_size": 4334, "n_vocab": 100000, "logn_train": -1, "train_percent": 0.5, "ay_effect": 0.1, "c_dim": 2, "u_dim": 1, "dist_seed": 6, "exp_seed": 6, "write": "append", "debug": false, "nondiff": false, "uncorrected": false, "outdir": "json/", "influence_vars": ["a", "y", "c0", "c1"], "method_type": "matrix", "model_type": null, "results_dir": "experiments/", "mean_covered": 0.0, "std_covered": 0.0, "mean_abs_covered": 0.0, "mean_width": 0.0, "std_width": 0.0, "mean_abs_width": 0.0, "mean_p5.0": -0.024663665704429155, "std_p5.0": 0.0953379734307775, "mean_abs_p5.0": 0.08609627466648817, "mean_p2.5": -0.024663665704429155, "std_p2.5": 0.0953379734307775, "mean_abs_p2.5": 0.08609627466648817, "mean_p95.0": -0.024663665704429155, "std_p95.0": 0.0953379734307775, "mean_abs_p95.0": 0.08609627466648817, "mean_p97.5": -0.024663665704429155, "std_p97.5": 0.0953379734307775, "mean_abs_p97.5": 0.08609627466648817, "mean_trunc90width": 0.0, "std_trunc90width": 0.0, "mean_abs_trunc90width": 0.0, "mean_trunc95width": 0.0, "std_trunc95width": 0.0, "mean_abs_trunc95width": 0.0, "mean_abs_mean": 0.08609627466648817, "std_abs_mean": 0.04780227057808133, "mean_abs_abs_mean": 0.08609627466648817, "mean_mean": -0.024663665704429155, "std_mean": 0.0953379734307775, "mean_median": -0.024663665704429155, "std_median": 0.0953379734307775, "mean_abs_median": 0.08609627466648817, "mean_max": -0.024663665704429155, "std_max": 0.0953379734307775, "mean_abs_max": 0.08609627466648817, "mean_min": -0.024663665704429155, "std_min": 0.0953379734307775, "mean_abs_min": 0.08609627466648817, "mean_raw_oracle_effect": 0.1, "std_raw_oracle_effect": 0.0, "mean_abs_raw_oracle_effect": 0.1, "mean_raw_mean_effect": 0.07533633708953857, "std_raw_mean_effect": 0.09533797204494476, "mean_abs_raw_mean_effect": 0.1018049567937851}
