{"logn_examples": 3.75, "logn_error_rate": 4, "k": 4, "dataset": "synthetic", "min_freq": 10, "alpha": null, "sample_err_rates": 0, "bootstrap": 1, "vocab_size": 4334, "n_vocab": 100000, "logn_train": -1, "train_percent": 0.5, "ay_effect": 0.1, "c_dim": 2, "u_dim": 1, "dist_seed": 6, "exp_seed": 6, "write": "append", "debug": false, "nondiff": false, "uncorrected": false, "outdir": "json/", "influence_vars": ["a", "y", "c0", "c1"], "method_type": "matrix", "model_type": null, "results_dir": "experiments/", "mean_covered": 0.0, "std_covered": 0.0, "mean_abs_covered": 0.0, "mean_width": 0.0, "std_width": 0.0, "mean_abs_width": 0.0, "mean_p5.0": -0.0708526227623224, "std_p5.0": 0.1307460889184194, "mean_abs_p5.0": 0.08718260563910007, "mean_p2.5": -0.0708526227623224, "std_p2.5": 0.1307460889184194, "mean_abs_p2.5": 0.08718260563910007, "mean_p95.0": -0.0708526227623224, "std_p95.0": 0.1307460889184194, "mean_abs_p95.0": 0.08718260563910007, "mean_p97.5": -0.0708526227623224, "std_p97.5": 0.1307460889184194, "mean_abs_p97.5": 0.08718260563910007, "mean_trunc90width": 0.0, "std_trunc90width": 0.0, "mean_abs_trunc90width": 0.0, "mean_trunc95width": 0.0, "std_trunc95width": 0.0, "mean_abs_trunc95width": 0.0, "mean_abs_mean": 0.08718260563910007, "std_abs_mean": 0.12047334640384302, "mean_abs_abs_mean": 0.08718260563910007, "mean_mean": -0.0708526227623224, "std_mean": 0.1307460889184194, "mean_median": -0.0708526227623224, "std_median": 0.1307460889184194, "mean_abs_median": 0.08718260563910007, "mean_max": -0.0708526227623224, "std_max": 0.1307460889184194, "mean_abs_max": 0.08718260563910007, "mean_min": -0.0708526227623224, "std_min": 0.1307460889184194, "mean_abs_min": 0.08718260563910007, "mean_raw_oracle_effect": 0.1, "std_raw_oracle_effect": 0.0, "mean_abs_raw_oracle_effect": 0.1, "mean_raw_mean_effect": 0.029147377237677574, "std_raw_mean_effect": 0.13074608147144318, "mean_abs_raw_mean_effect": 0.12706243991851807}
