{"logn_examples": 3.0, "logn_error_rate": 4, "k": 4, "dataset": "synthetic", "min_freq": 10, "alpha": null, "sample_err_rates": 0, "bootstrap": 1, "vocab_size": 4334, "n_vocab": 100000, "logn_train": -1, "train_percent": 0.5, "ay_effect": 0.1, "c_dim": 4, "u_dim": 1, "dist_seed": 6, "exp_seed": 6, "write": "append", "debug": false, "nondiff": false, "uncorrected": false, "outdir": "json/", "influence_vars": ["a", "y", "c0", "c1", "c2", "c3"], "method_type": "matrix", "model_type": null, "results_dir": "experiments/", "mean_covered": 0.0, "std_covered": 0.0, "mean_abs_covered": 0.0, "mean_width": 0.0, "std_width": 0.0, "mean_abs_width": 0.0, "mean_p5.0": -0.01486725397408023, "std_p5.0": 0.03968508200469353, "mean_abs_p5.0": 0.036934664472937584, "mean_p2.5": -0.01486725397408023, "std_p2.5": 0.03968508200469353, "mean_abs_p2.5": 0.036934664472937584, "mean_p95.0": -0.01486725397408023, "std_p95.0": 0.03968508200469353, "mean_abs_p95.0": 0.036934664472937584, "mean_p97.5": -0.01486725397408023, "std_p97.5": 0.03968508200469353, "mean_abs_p97.5": 0.036934664472937584, "mean_trunc90width": 0.0, "std_trunc90width": 0.0, "mean_abs_trunc90width": 0.0, "mean_trunc95width": 0.0, "std_trunc95width": 0.0, "mean_abs_trunc95width": 0.0, "mean_abs_mean": 0.036934664472937584, "std_abs_mean": 0.020779112943544453, "mean_abs_abs_mean": 0.036934664472937584, "mean_mean": -0.01486725397408023, "std_mean": 0.03968508200469353, "mean_median": -0.01486725397408023, "std_median": 0.03968508200469353, "mean_abs_median": 0.036934664472937584, "mean_max": -0.01486725397408023, "std_max": 0.03968508200469353, "mean_abs_max": 0.036934664472937584, "mean_min": -0.01486725397408023, "std_min": 0.03968508200469353, "mean_abs_min": 0.036934664472937584, "mean_raw_oracle_effect": 0.10000000000000014, "std_raw_oracle_effect": 0.0, "mean_abs_raw_oracle_effect": 0.10000000000000014, "mean_raw_mean_effect": 0.08513274043798447, "std_raw_mean_effect": 0.03968508169054985, "mean_abs_raw_mean_effect": 0.08513274043798447}
