{"logn_examples": 4.5, "logn_error_rate": 4, "k": 4, "dataset": "synthetic", "min_freq": 10, "alpha": null, "sample_err_rates": 0, "bootstrap": 1, "vocab_size": 4334, "n_vocab": 100000, "logn_train": -1, "train_percent": 0.5, "ay_effect": 0.1, "c_dim": 4, "u_dim": 1, "dist_seed": 6, "exp_seed": 6, "write": "append", "debug": false, "nondiff": false, "uncorrected": false, "outdir": "json/", "influence_vars": ["a", "y", "c0", "c1", "c2", "c3"], "method_type": "matrix", "model_type": null, "results_dir": "experiments/", "mean_covered": 0.0, "std_covered": 0.0, "mean_abs_covered": 0.0, "mean_width": 0.0, "std_width": 0.0, "mean_abs_width": 0.0, "mean_p5.0": -0.11169157447293417, "std_p5.0": 0.17099536264110776, "mean_abs_p5.0": 0.14835192980244766, "mean_p2.5": -0.11169157447293417, "std_p2.5": 0.17099536264110776, "mean_abs_p2.5": 0.14835192980244766, "mean_p95.0": -0.11169157447293417, "std_p95.0": 0.17099536264110776, "mean_abs_p95.0": 0.14835192980244766, "mean_p97.5": -0.11169157447293417, "std_p97.5": 0.17099536264110776, "mean_abs_p97.5": 0.14835192980244766, "mean_trunc90width": 0.0, "std_trunc90width": 0.0, "mean_abs_trunc90width": 0.0, "mean_trunc95width": 0.0, "std_trunc95width": 0.0, "mean_abs_trunc95width": 0.0, "mean_abs_mean": 0.14835192980244766, "std_abs_mean": 0.14037851251846417, "mean_abs_abs_mean": 0.14835192980244766, "mean_mean": -0.11169157447293417, "std_mean": 0.17099536264110776, "mean_median": -0.11169157447293417, "std_median": 0.17099536264110776, "mean_abs_median": 0.14835192980244766, "mean_max": -0.11169157447293417, "std_max": 0.17099536264110776, "mean_abs_max": 0.14835192980244766, "mean_min": -0.11169157447293417, "std_min": 0.17099536264110776, "mean_abs_min": 0.14835192980244766, "mean_raw_oracle_effect": 0.10000000000000014, "std_raw_oracle_effect": 0.0, "mean_abs_raw_oracle_effect": 0.10000000000000014, "mean_raw_mean_effect": -0.01169157400727272, "std_raw_mean_effect": 0.17099535465240479, "mean_abs_raw_mean_effect": 0.13396267592906952}
