{"logn_examples": 3.0, "logn_error_rate": 4, "k": 4, "dataset": "synthetic", "min_freq": 10, "alpha": null, "sample_err_rates": 0, "bootstrap": 1, "vocab_size": 4334, "n_vocab": 100000, "logn_train": -1, "train_percent": 0.5, "ay_effect": 0.1, "c_dim": 8, "u_dim": 1, "dist_seed": 6, "exp_seed": 6, "write": "append", "debug": false, "nondiff": false, "uncorrected": false, "outdir": "json/", "influence_vars": ["a", "y", "c0", "c1", "c2", "c3", "c4", "c5", "c6", "c7"], "method_type": "model", "model_type": "regression", "results_dir": "experiments/", "mean_covered": 0.0, "std_covered": 0.0, "mean_abs_covered": 0.0, "mean_width": 0.0, "std_width": 0.0, "mean_abs_width": 0.0, "mean_p5.0": -0.10127035143668787, "std_p5.0": 0.14799660290508693, "mean_abs_p5.0": 0.16153576287324553, "mean_p2.5": -0.10127035143668787, "std_p2.5": 0.14799660290508693, "mean_abs_p2.5": 0.16153576287324553, "mean_p95.0": -0.10127035143668787, "std_p95.0": 0.14799660290508693, "mean_abs_p95.0": 0.16153576287324553, "mean_p97.5": -0.10127035143668787, "std_p97.5": 0.14799660290508693, "mean_abs_p97.5": 0.16153576287324553, "mean_trunc90width": 0.0, "std_trunc90width": 0.0, "mean_abs_trunc90width": 0.0, "mean_trunc95width": 0.0, "std_trunc95width": 0.0, "mean_abs_trunc95width": 0.0, "mean_abs_mean": 0.16153576287324553, "std_abs_mean": 0.07787731289993795, "mean_abs_abs_mean": 0.16153576287324553, "mean_mean": -0.10127035143668787, "std_mean": 0.14799660290508693, "mean_median": -0.10127035143668787, "std_median": 0.14799660290508693, "mean_abs_median": 0.16153576287324553, "mean_max": -0.10127035143668787, "std_max": 0.14799660290508693, "mean_abs_max": 0.16153576287324553, "mean_min": -0.10127035143668787, "std_min": 0.14799660290508693, "mean_abs_min": 0.16153576287324553, "mean_raw_oracle_effect": 0.10000000000000024, "std_raw_oracle_effect": 0.0, "mean_abs_raw_oracle_effect": 0.10000000000000024, "mean_raw_mean_effect": -0.001270350068807602, "std_raw_mean_effect": 0.14799660444259644, "mean_abs_raw_mean_effect": 0.11153575778007507}
