{"logn_examples": 4.25, "logn_error_rate": 4, "k": 4, "dataset": "synthetic", "min_freq": 10, "alpha": null, "sample_err_rates": 0, "bootstrap": 1, "vocab_size": 4334, "n_vocab": 100000, "logn_train": -1, "train_percent": 0.5, "ay_effect": 0.1, "c_dim": 7, "u_dim": 1, "dist_seed": 6, "exp_seed": 6, "write": "append", "debug": false, "nondiff": false, "uncorrected": false, "outdir": "json/", "influence_vars": ["a", "y", "c0", "c1", "c2", "c3", "c4", "c5", "c6"], "method_type": "model", "model_type": "regression", "results_dir": "experiments/", "mean_covered": 0.0, "std_covered": 0.0, "mean_abs_covered": 0.0, "mean_width": 0.0, "std_width": 0.0, "mean_abs_width": 0.0, "mean_p5.0": 0.0019987966865296497, "std_p5.0": 0.043494675585788914, "mean_abs_p5.0": 0.03632864989340282, "mean_p2.5": 0.0019987966865296497, "std_p2.5": 0.043494675585788914, "mean_abs_p2.5": 0.03632864989340282, "mean_p95.0": 0.0019987966865296497, "std_p95.0": 0.043494675585788914, "mean_abs_p95.0": 0.03632864989340282, "mean_p97.5": 0.0019987966865296497, "std_p97.5": 0.043494675585788914, "mean_abs_p97.5": 0.03632864989340282, "mean_trunc90width": 0.0, "std_trunc90width": 0.0, "mean_abs_trunc90width": 0.0, "mean_trunc95width": 0.0, "std_trunc95width": 0.0, "mean_abs_trunc95width": 0.0, "mean_abs_mean": 0.03632864989340282, "std_abs_mean": 0.02400023311198595, "mean_abs_abs_mean": 0.03632864989340282, "mean_mean": 0.0019987966865296497, "std_mean": 0.043494675585788914, "mean_median": 0.0019987966865296497, "std_median": 0.043494675585788914, "mean_abs_median": 0.03632864989340282, "mean_max": 0.0019987966865296497, "std_max": 0.043494675585788914, "mean_abs_max": 0.03632864989340282, "mean_min": 0.0019987966865296497, "std_min": 0.043494675585788914, "mean_abs_min": 0.03632864989340282, "mean_raw_oracle_effect": 0.10000000000000046, "std_raw_oracle_effect": 0.0, "mean_abs_raw_oracle_effect": 0.10000000000000046, "mean_raw_mean_effect": 0.10199879109859467, "std_raw_mean_effect": 0.04349467530846596, "mean_abs_raw_mean_effect": 0.10199879109859467}
