{"logn_examples": 3.0, "logn_error_rate": 4, "k": 4, "dataset": "synthetic", "min_freq": 10, "alpha": null, "sample_err_rates": 0, "bootstrap": 1, "vocab_size": 4334, "n_vocab": 100000, "logn_train": -1, "train_percent": 0.5, "ay_effect": 0.1, "c_dim": 9, "u_dim": 1, "dist_seed": 6, "exp_seed": 6, "write": "append", "debug": false, "nondiff": false, "uncorrected": false, "outdir": "json/", "influence_vars": ["a", "y", "c0", "c1", "c2", "c3", "c4", "c5", "c6", "c7", "c8"], "method_type": "model", "model_type": "regression", "results_dir": "experiments/", "mean_covered": 0.0, "std_covered": 0.0, "mean_abs_covered": 0.0, "mean_width": 0.0, "std_width": 0.0, "mean_abs_width": 0.0, "mean_p5.0": 0.017362875025719707, "std_p5.0": 0.13701195995009502, "mean_abs_p5.0": 0.13452503504231572, "mean_p2.5": 0.017362875025719707, "std_p2.5": 0.13701195995009502, "mean_abs_p2.5": 0.13452503504231572, "mean_p95.0": 0.017362875025719707, "std_p95.0": 0.13701195995009502, "mean_abs_p95.0": 0.13452503504231572, "mean_p97.5": 0.017362875025719707, "std_p97.5": 0.13701195995009502, "mean_abs_p97.5": 0.13452503504231572, "mean_trunc90width": 0.0, "std_trunc90width": 0.0, "mean_abs_trunc90width": 0.0, "mean_trunc95width": 0.0, "std_trunc95width": 0.0, "mean_abs_trunc95width": 0.0, "mean_abs_mean": 0.13452503504231572, "std_abs_mean": 0.03125318456395973, "mean_abs_abs_mean": 0.13452503504231572, "mean_mean": 0.017362875025719707, "std_mean": 0.13701195995009502, "mean_median": 0.017362875025719707, "std_median": 0.13701195995009502, "mean_abs_median": 0.13452503504231572, "mean_max": 0.017362875025719707, "std_max": 0.13701195995009502, "mean_abs_max": 0.13452503504231572, "mean_min": 0.017362875025719707, "std_min": 0.13701195995009502, "mean_abs_min": 0.13452503504231572, "mean_raw_oracle_effect": 0.09999999999999969, "std_raw_oracle_effect": 0.0, "mean_abs_raw_oracle_effect": 0.09999999999999969, "mean_raw_mean_effect": 0.11736287921667099, "std_raw_mean_effect": 0.13701196014881134, "mean_abs_raw_mean_effect": 0.14292147755622864}
